word,count_a,count_b,z
budget,109,738,-22.087855921582943
within,105,635,-20.1538838908505
well,81,530,-18.359976279061875
fits,25,336,-14.379516661371136
reasonable,14,182,-10.506735394572992
meets,12,159,-9.858462775847912
solid,0,268,-9.068259446827316
strong,1,162,-8.849702763316047
good,13,121,-8.62946658670844
comfortably,29,132,-8.545204504123623
because,183,310,-8.321471836935281
cleaning,6,102,-7.7152976656989205
affordable,0,69,-6.1999678693520375
needs,29,79,-5.652698319921359
quality,752,752,-5.351593555995402
priced,1,63,-5.3286822765332005
suitable,0,68,-4.969894523862105
friendly,0,72,-4.856103047055392
requested,0,46,-4.469014800569755
high,5,31,-4.253789301137615
work,6,30,-4.124077416116779
picked,0,48,-3.972993048206177
satisfy,0,37,-3.7374136669695885
equally,0,42,-3.6443248685352945
effective,0,32,-3.5439828457676423
need,0,33,-3.4994920880861686
cost,0,27,-3.421891791774328
everyday,0,39,-3.360638930973305
directly,0,29,-3.2082119931982214
expectations,1,18,-3.1605216764248327
category,0,28,-2.886926682613803
rating,1,15,-2.7855420411053937
equivalent,0,20,-2.7625305201501567
straightforward,0,26,-2.7337825962823317
fit,1,11,-2.6464838805172923
available,16,29,-2.540564844730087
pick,0,21,-2.521102507432972
rated,1,9,-2.3339536133913543
supplies,0,17,-2.285715939976394
otherwise,0,16,-2.190998714867031
listed,0,14,-2.0580624797868947
serve,0,14,-2.022525111250663
arbitrary,0,10,-1.8343409514886237
requirements,0,10,-1.6772210377881427
since,15,18,-1.2005419888282376
great,99,83,-0.5167247837935609
identical,308,251,-0.5015940528288612
best,18,4,-0.04054683004173842
known,6,4,0.2365731378189691
price,733,551,0.34534643961051975
matches,203,146,0.5489566019848637
value,40,13,0.6601018134781856
preference,8,4,0.6952215599617446
remaining,8,3,1.0235807905758332
off,10,0,1.6551149754297205
indicate,12,0,1.7390891009549196
results,15,0,1.871671276232335
sticking,12,0,1.9420733032726678
served,12,0,1.9709428430541562
trade,10,1,1.9758994206022484
detergents,339,218,1.982592894111439
reliability,12,0,1.9843583366010558
past,17,0,1.989027024887991
shows,16,0,2.0313592669834155
positive,14,0,2.050077192191411
satisfactory,12,0,2.128147088976395
worked,13,0,2.1569471801560325
keep,13,0,2.277322110799241
continuity,14,0,2.2774159155494913
six,23,0,2.281293982528802
choosing,13,0,2.2898923506765634
based,13,0,2.3335430503111474
five,26,0,2.42569117107313
stayed,18,0,2.5384865850584064
keeping,16,0,2.5473948551006442
four,25,0,2.59421003108892
performance,17,1,2.596805858658792
maintaining,16,0,2.6259248572536014
continues,18,0,2.6500331128584675
bought,30,0,2.8241239136997005
show,32,0,2.9760649210686667
experience,34,0,2.9981460456395728
every,37,0,3.0517892707777143
functional,41,0,3.065550807277609
staying,23,1,3.0878437729300603
maintains,27,0,3.1335550546856266
used,36,0,3.1801938753644694
satisfaction,44,0,3.1920314027553736
across,27,1,3.2179413752785497
before,35,0,3.471007332426979
difference,54,0,3.57566100727239
familiar,55,0,3.8596197553119054
fair,46,1,3.9375108215475936
proven,37,0,3.9975911628659904
maintain,69,0,4.250263189660892
once,66,0,4.475726401395013
previously,53,0,4.677153656024939
successful,72,0,5.319391374529317
satisfied,121,0,5.491570917379449
successfully,102,0,5.956592281785572
consistently,151,0,6.353486631337591
trusted,186,0,6.688068176785969
already,158,0,6.858487152718576
stay,182,0,7.199890160592816
history,132,5,7.371761064811928
consistency,169,0,7.899528821476229
purchase,166,7,8.3612476006467
alternatives,243,25,9.09638192290568
been,264,0,9.426850954422486
consistent,255,0,9.937516169392207
purchases,252,0,10.26824037685133
purchased,324,0,10.42783637544646
reliable,361,59,11.154296743761947
again,365,0,11.179014297542357
brand,489,67,13.631358646858478
previous,600,0,15.635586043430699
